store_id,warehouse_id,transport_cost
S0,W2,3.2634071496426875
S1,W0,4.667024012474987
S2,W2,4.203272399439001
S3,W2,2.8045202791913657
S4,W0,3.874797063891184
S5,W0,3.3449419951230466
S6,W2,2.9694681948049957
S7,W1,1.769263091137402
S8,W2,2.8557450538195637
S9,W2,1.9832743480902986
