warehouse_id,capacity,holding_cost
W0,581,1.038113765814333
W1,338,1.2610846476277358
W2,475,1.2288284092844197
