day,store_id,warehouse_id,promo_flag,predicted_demand,demand_sigma,p10,p50,p90
170,S0,W2,0,28,4.8118794088370676,22,28,34
170,S1,W0,0,18,5.388262992473793,11,18,25
170,S2,W2,0,50,4.742987287736822,44,50,56
170,S3,W2,1,57,4.358893811194613,51,57,63
170,S4,W0,0,18,4.278080022637432,13,18,23
170,S5,W0,0,28,4.457730886139702,22,28,34
170,S6,W2,0,38,4.529500616947323,32,38,44
170,S7,W1,0,32,4.707250820896178,26,32,38
170,S8,W2,0,17,4.870809734739779,11,17,23
170,S9,W2,0,25,4.64295670665426,19,25,31
