store_id,warehouse_id,demand,ship_qty,stockout_qty,transport_cost
S0,W2,28.0,28.0,0.0,3.2634071496426875
S1,W0,18.0,18.0,0.0,4.667024012474987
S2,W2,50.0,50.0,0.0,4.203272399439001
S3,W2,57.0,57.0,0.0,2.8045202791913657
S4,W0,18.0,18.0,0.0,3.874797063891184
S5,W0,28.0,28.0,0.0,3.3449419951230466
S6,W2,38.0,38.0,0.0,2.969468194804996
S7,W1,32.0,32.0,0.0,1.769263091137402
S8,W2,17.0,17.0,0.0,2.855745053819564
S9,W2,25.0,25.0,0.0,1.9832743480902983
